<manialink id="3"><frame posn="-56 -28.5 0">
<quad sizen="30 4.2" style="Bgs1InRace" substyle="NavButton"/>
<quad posn="1 -0.6 2" sizen="3 3" style="Icons64x64_1" substyle="ClipRewind" action="21"/>
<quad posn="5 -0.6 2" sizen="3 3" style="Icons64x64_1" substyle="ClipPause" action="22"/>
<quad posn="9 -0.6 2" sizen="3 3" style="Icons64x64_1" substyle="ClipPlay" action="23"/>
<quad posn="13 -0.6 2" sizen="3 3.1" style="Icons64x64_1" substyle="Refresh" action="24"/>
<quad posn="17 -0.2 2" sizen="3.5 4" style="Icons64x64_1" substyle="ArrowGreen" action="25"/>
<quad posn="21 -0.2 2" sizen="3.5 4" style="Icons64x64_1" substyle="ArrowRed" action="26"/>
<quad posn="25.2 -0.2 2" sizen="3.5 4" style="Icons64x64_1" substyle="Buddy" action="27"/>
</frame></manialink>
