<manialink id="4"><frame posn="-64.8 23.3 0">
<quad sizen="14 9.0" style="Bgs1InRace" substyle="NavButton"/>
<format textsize="2" textcolor="dddf"/>
<label posn="6.0 -1.9 2" sizen="4.5 2" halign="right" valign="center" text="PB:"/>
<label posn="6.0 -4.4 2" sizen="4.5 2" halign="right" valign="center" text="Local:"/>
<label posn="6.0 -6.9 2" sizen="4.5 2" halign="right" valign="center" text="TMX:"/>
<format textsize="2" textcolor="ffff"/>
<label posn="6.5 -1.9 2" sizen="6.5 2" halign="left" valign="center" text="%PB%" action="7"/>
<label posn="6.5 -4.4 2" sizen="6.5 2" halign="left" valign="center" text="%LCL%" action="8"/>
<label posn="6.5 -6.9 2" sizen="6.5 2" halign="left" valign="center" text="%TMX%" action="10"/>
</frame></manialink>
