<manialink id="4"><frame posn="-64.8 23.3 0">
<quad sizen="14 11.5" style="Bgs1InRace" substyle="NavButton"/>
<format style="TextCardSmallScores2Rank"/>
<label posn="6.0 -1.0 2" sizen="4.5 2" halign="right" text="PB:"/>
<label posn="6.0 -3.5 2" sizen="4.5 2" halign="right" text="Local:"/>
<label posn="6.0 -6.0 2" sizen="4.5 2" halign="right" text="Dedi:"/>
<label posn="6.0 -8.5 2" sizen="4.5 2" halign="right" text="TMX:"/>
<format style="TextRaceChat"/>
<label posn="6.5 -1.0 2" sizen="6.5 2" halign="left" text="%PB%" action="7"/>
<label posn="6.5 -3.5 2" sizen="6.5 2" halign="left" text="%LCL%" action="8"/>
<label posn="6.5 -6.0 2" sizen="6.5 2" halign="left" text="%DED%" action="9"/>
<label posn="6.5 -8.5 2" sizen="6.5 2" halign="left" text="%TMX%" action="10"/>
</frame></manialink>
