<manialink id="5"><frame posn="-56.8 -45.6 0">
<quad sizen="10 2.5" style="Bgs1InRace" substyle="BgButtonSmall" halign="center" action="18" actionkey="1"/>
<label sizen="5 1.5" posn="0 -0.3 2" style="TextButtonSmall" halign="center" text="%YES%"/>
</frame><frame posn="-46 -45.6 0">
<quad sizen="10 2.5" style="Bgs1InRace" substyle="BgButtonSmall" halign="center" action="19" actionkey="2"/>
<label sizen="5 1.5" posn="0 -0.3 2" style="TextButtonSmall" halign="center" text="%NO%"/>
</frame></manialink>
